first_name,last_name,grades
Kirby,Kinsell,99
Elisabeth,Jannex,44
Filberto,Einchcombe,20
Waiter,Gerding,57
Mildrid,Kloska,51
Barry,Babber,54
Otha,Levi,88
Zabrina,McAndrew,44
Geraldine,Cawthorne,59
Anstice,Van Geffen,1
Therese,Valance,67
Ray,Avramovich,9
Ertha,McGannon,71
Stillmann,Armiger,70
Adiana,Tinkler,83
Cad,Ryott,42
Celestina,Zambonini,34
Angeli,Presdie,86
Lucretia,Scorthorne,51
Kristopher,Jadczak,75
Ivan,Gurrado,76
Shepherd,Crooks,19
Sandie,Pydcock,38
Bald,Dudley,96
Nicoline,Kibel,50
Tricia,Temlett,51
Janaye,Harflete,59
Amelia,Packman,39
Silas,Evelyn,19
Dena,Osban,56
Dru,Shillington,48
Burgess,Marland,42
Merci,Armand,10
Lyda,Colwill,40
Christopher,Osboldstone,31
Dante,Barck,44
Igor,Adamovsky,59
Nanny,Casaccia,72
Ulrich,Gould,4
Layton,Johnstone,17
Christel,Rosa,91
Johnny,McCloud,96
Hilliard,Sainsberry,57
Hope,Moultrie,73
Rosabella,Dunsmore,49
Ileane,Clell,19
Katy,Gaffey,51
Ardisj,Mendes,50
Elissa,Stansfield,61
Milzie,Frankcombe,16
Micaela,McShirie,42
Koressa,Levecque,49
Kiah,Gronaver,88
Vick,Disdel,67
Ramsey,Wodeland,72
Phip,Angrick,53
Odo,Harcourt,32
Osmond,Silburn,59
Archibold,Demsey,98
Gertrudis,Barbrick,99
Orsa,Winmill,18
Wolfgang,Sollom,63
Kiah,Rihosek,65
Anne,Crossland,45
Natala,Oehme,28
Ban,Marunchak,67
Carmella,Thripp,85
Veronique,Bestwall,11
Stacia,Mee,71
Tyrus,Nuzzti,58
Amalia,Cockren,50
Adora,Cubuzzi,10
Jarid,Streetfield,43
Ema,Manuello,83
Frederico,Raveau,25
Binky,Stolberg,81
Melody,Messer,8
Roslyn,Brew,79
Terri-jo,Playfair,75
Rutger,Bousquet,58
Fred,Gudgion,92
Cheryl,Gustus,90
Gabi,Elcoate,88
Justino,Quene,85
Werner,Tuckett,4
Miquela,Burburough,46
Rafe,Ofield,15
Carlen,Haskell,62
Janenna,Fergusson,69
Layton,Cosgreave,54
Amelie,MacGarrity,19
Joellyn,Trodler,8
Celestia,Whyard,94
Michel,Purselow,33
Sabrina,Pevie,69
Simone,Blazhevich,63
Worden,McGillreich,72
Lotty,McDonnell,31
Marylee,Hempshall,23
Alva,Elsley,35
Teddy,Dumbleton,19
Roderich,Bayliss,99
Madelyn,Keeble,24
Kelly,Baggaley,91
Ferdinanda,Samsonsen,30
Katti,Amaya,82
Mildrid,Kynforth,73
Stanleigh,Ewles,2
Daffi,Lazenby,100
Jasmin,Blonden,81
Zechariah,Pizey,47
Benni,Lightbown,67
Sherye,Causton,22
Farleigh,Morecomb,28
Janeczka,Rogeon,79
Trenton,Sancroft,30
Abigael,Lecky,70
Abbott,Freeborne,14
Lira,Coulman,4
Bordie,Josifovic,81
Orv,Hudel,18
Junina,Fransseni,93
Alwin,Dole,12
Seline,Reder,19
Wileen,Folliott,34
Jodee,Oloshkin,57
Shalna,Kinlock,87
Jenifer,Melhuish,13
Margaretha,Geraldini,43
Marsha,Frankcom,65
Donnie,Biesty,54
Amalea,Rowlinson,58
Brig,O' Byrne,74
Ezequiel,Tromans,47
Wallas,Payze,31
Boony,Egan,39
Maudie,Threlfall,44
Rosalind,Tadman,70
Julienne,Carlon,34
Genny,Mathias,56
Valma,Oehme,45
Vale,Maltman,35
Clementia,Foxworthy,39
Kandace,Dudson,49
Nefen,Nosworthy,60
Sascha,Grier,4
Drucie,Roust,26
Izaak,Rozycki,80
Nicole,Gorthy,61
Joellen,Secretan,1
Jo-ann,Flintiff,56
Victor,Minifie,56
Dunstan,Quilligan,21
Shalne,Sibbald,28
Shanan,Schulze,32
Reinhard,Kleine,87
Coralie,De-Ville,66
Keslie,Gorusso,6
Skye,Stoaks,8
Franny,de'-Ancy Willis,21
Howey,Brandino,37
Aubrey,Connal,3
Glynda,Oller,52
Mathilde,Ashurst,55
Lonni,Polley,35
Leicester,Wedlake,89
Aimil,Maylam,52
Murial,Bailie,91
Koressa,Bagg,6
Anastasia,Rutherforth,35
Guilbert,Peealess,73
Ber,Ivanusyev,50
Harrietta,Paxman,3
Frayda,Antoszewski,94
Amalle,Tee,22
Angelle,Pudge,20
Iris,Gregoraci,64
Pincus,Streeter,71
Emelyne,Barkes,71
Traver,Vanne,36
Pincas,Pee,10
Sarine,Isaksson,9
Sarene,Innot,11
Hildagard,Langcaster,84
Donnie,Mourgue,30
Nelson,Sigert,36
Adda,Dils,59
Joellyn,Kewzick,84
Melinda,Proughten,14
Syman,Pipet,62
Estelle,Simoneau,5
Amata,Sneddon,97
Adan,McQuaide,5
Gavra,Gauntley,82
Cassandre,Santino,17
Rowe,McGeachey,4
Carlye,Humby,98
Pepe,Siege,1
Davida,Hodgon,76
Nikolaus,Lorryman,9
Nyssa,Lydiate,49
Melina,Baxandall,50
Niall,Rhule,26
Morgan,Loughlan,70
Dalt,Quilliam,53
Marcelia,Brugh,79
Rick,Dunbobbin,34
Kaitlynn,Proswell,51
Zaria,Roseburgh,46
Talya,Berrick,13
Finn,Deeks,89
Beck,Wiersma,51
Cybil,Cuttle,98
Harrie,Mitchener,17
Reuven,Tiebe,27
Webster,Sprade,22
Danika,Sked,31
Louella,Archard,11
Ruthe,Stickels,81
Lucy,Joannet,25
Shina,Legrice,24
Milzie,Brimilcombe,75
Moise,Reinhard,99
Arturo,Coltherd,83
Fernanda,Cawse,37
Jasmine,Bodemeaid,19
Brit,Lugard,79
Emmalynn,Barhem,10
Kasper,Blayney,52
Amabel,Lehrian,15
Zia,Estrella,13
Charlot,Van De Cappelle,60
Oswald,Gabbotts,33
Gunter,Manifould,54
Asher,Clapison,90
Allen,Marrable,96
Zarah,Olivas,27
Ber,Sweating,62
Brittni,Garnar,80
Keefer,Moyler,33
Debora,Mansbridge,17
Corette,Rump,1
Stacy,Trewhella,18
Berny,Preedy,73
Quintana,Kamena,2
Margery,Dorney,92
Richard,Gatlin,61
Betsey,Binner,60
Sol,Yukhin,91
Claudia,Ryton,23
Mark,McLinden,22
Kayle,Sirrell,55
Hilario,Lagen,42
Ava,Wedmore.,92
Barth,Micheli,58
Rodger,Semorad,93
Ilaire,Berrey,20
Elisabeth,Pepperell,100
Lyndsey,Scudders,67
Nevin,McAdam,64
Camellia,Mundall,36
Delinda,Inskipp,50
Brittan,Ounsworth,77
Beryle,Womack,44
Sandra,L'Episcopio,38
Ethyl,Wyke,20
Lonee,Pareman,40
Darryl,De Giorgis,25
Isaak,Reeday,44
Ogdan,Peevor,92
Ewen,Gallaccio,24
Kelsey,Foux,83
Izzy,Ilyasov,46
Jacki,Hanscomb,94
Ebonee,Phlippi,97
Chadd,McKevin,72
Hyacinthie,Duckhouse,56
Celie,Esgate,34
Maddi,Melarkey,60
Emmey,Curtayne,54
Cyndi,Mantha,38
Harvey,MacIlhargy,3
Nydia,Benson,85
Sandra,Hordle,11
Florian,Blindermann,51
Davin,Truett,84
Georgianne,Browncey,54
Kyle,Shrawley,84
Lesly,Ricks,53
Rebbecca,Coggins,11
Tomaso,Stallon,83
Vinny,Vardey,49
Gratia,Casel,91
Sidoney,Cason,26
Roarke,Pfeiffer,62
Hilly,Toomer,39
Brenda,Van der Beek,86
Heinrick,Vicary,26
Gabbey,Cuppleditch,73
Annmaria,Swetman,29
Stefania,Scrigmour,99
Eva,Antusch,33
Tonie,Stove,34
Lindsey,Bonicelli,72
Rosa,Woolens,59
Holmes,Andersen,14
Danice,Geratt,74
Alaster,Wooles,97
Trula,Ilyin,90
Mabelle,Mc Gee,43
Louise,Dachey,91
Hettie,Revie,90
Ariel,Ingreda,55
Kerby,Deaville,18
Lula,Donovan,95
Kacie,Blincko,93
Reeba,Scrigmour,67
Clarette,McLae,91
Gunther,Caret,66
Jule,Wynch,35
Angelica,Youthead,13
Merissa,Platts,87
Ignaz,Meininking,46
Adair,Boykett,28
Aundrea,Harry,33
Janaya,Rottcher,32
Vida,Gayler,92
Marshall,Menham,90
Zacharia,Summers,84
Fernando,Farahar,19
Anthony,Wilkie,86
Konrad,Billison,75
Gayle,Solloway,46
Martie,Baseley,75
Pattie,Tivolier,27
Audi,Ferreo,38
Barry,Tootell,18
Lisette,Hatchard,61
Munmro,Kubicki,61
Hester,Moores,77
Temp,Kiwitz,12
Brose,Fridlington,92
Wilburt,Elcoux,39
Darby,Seamons,53
Jolynn,Taffie,1
Newton,Giffon,28
Lonnie,Rimour,77
Brandon,Buckthought,76
Tonia,Helling,57
Townsend,Sterricker,35
Birk,Cawood,90
Shanie,Kitchen,59
Ammamaria,Stayte,46
Wheeler,Garbutt,45
Evangelin,Pipping,48
Radcliffe,Ilyushkin,31
Fifi,Percifull,46
Donetta,Dymoke,14
Harriette,Bentote,36
Nobie,Thomsen,76
Anne,Brookhouse,44
Giffard,McKie,71
Vivienne,Sones,1
Emmalynne,Skelhorne,38
Davy,Peterken,93
Yuma,Rowberry,67
Dannel,Lancastle,97
Brandice,Kippax,47
Eudora,Quartermain,23
Justine,Haymes,29
Fabe,McGall,4
Tabatha,Yakubov,6
Maurita,Godman,78
Bethena,Vanetti,9
Nikoletta,Reuben,50
Reina,Beeck,16
Quinn,Pryce,59
Broderic,Jevons,32
Cindy,Iacobacci,73
Carline,Clementi,19
Cary,Whyler,23
Ulysses,Varnals,71
Yancey,Ragat,97
Luisa,Jobb,7
Justine,McKean,77
Dominic,Topham,24
Amory,Lamburne,42
Annnora,Slowgrave,84
Clarabelle,Leward,22
Juieta,Larne,90
Gwenette,Dodworth,41
Brande,Bavester,24
Heinrick,Attwool,26
Teddi,Jurs,10
Nester,Janczak,9
Chery,Torpie,31
Dominic,Tyne,36
Konstance,Reimer,24
Wilmar,Belmont,10
Natasha,Norfolk,17
Dunc,Pulfer,30
Leonore,Billin,45
Ysabel,Breton,49
Tyrus,Pettingill,89
Nalani,Hendriks,1
Terrel,Harman,71
Willa,McGlew,2
Cheston,Lampart,45
Maxim,Moyser,33
Isak,Markson,69
Clint,Linning,43
Anabal,Newarte,48
Pattie,Hardwin,53
Tandy,Spinas,38
Lena,Bridgens,63
Pippo,Yeoman,21
Rosaline,Dulake,34
Darice,Beal,13
Mozes,Delamere,53
Fayth,Shanklin,59
Dorena,Auletta,32
Juliette,Abercromby,89
Zara,Keymer,98
Dayle,Hischke,89
Thornie,Grevatt,43
Correy,Le Frank,94
Flory,O'Heffernan,49
Susann,Whitwam,11
Fidole,Martensen,52
Shelly,Penvarden,55
Terrance,Guilliland,50
Goldy,Greenman,81
Petr,Lankham,95
Amabelle,Hazeldene,13
Clark,Sammars,61
Ariela,Titcumb,87
Deloria,Timmermann,41
Ronda,Shurman,39
Ermanno,MacFadyen,18
Gerrie,Milroy,2
Bax,Doe,45
Laina,Fennelly,25
Laurie,Mahmood,85
Helene,Jerke,66
Almire,Kenneford,47
Ky,Scougall,75
Marni,McCrystal,50
Aldon,Duckerin,78
Artemus,Glossup,79
Sileas,Beddon,90
Zaria,de Banke,46
Arley,Bome,18
Tomaso,Falls,11
Milton,Rann,88
Roby,Jermyn,34
Haroun,Whaymand,22
Kathy,Kingswell,45
Evered,Argabrite,84
Skelly,Sivell,37
Kacie,MacFaell,2
Veradis,Arnopp,41
Cari,Lamp,20
Heriberto,Rothert,33
Camella,Culross,31
Malachi,Bathurst,39
Rance,Riha,28
Miriam,Arbor,77
Artair,Denys,11
Amalita,Shemmans,30
Romain,Klausen,40
Lenard,Dowley,17
Binni,Sandwith,81
Any,Brankley,45
Andie,Nock,66
Gallagher,Drust,33
Ransell,Wanden,67
Emily,Chown,67
Alyss,Collens,3
Bartholemy,Heys,41
Cari,Tansley,100
Shanie,Shills,63
Chiquia,Zellner,4
Cherise,Gull,85
Milena,Domican,77
Tally,Joskowitz,40
Gerti,Berrey,3
Jorey,Gregoretti,85
Janos,Colqueran,45
Stacee,Hadeke,45
Cissiee,O'Donohue,43
Aldwin,Phizacklea,13
Kayne,Gillitt,73
Chase,Flacknell,49
Karie,Skewes,74
Clarine,Strethill,55
Nickey,Buncombe,76
Chic,Toulmin,89
Pierce,Lukianov,26
Mohandas,Points,11
Padget,Lambard,60
Eugen,Rospars,2
Isidro,Mc Menamin,75
Gaylene,Benson,67
Tate,Zimmer,56
Ira,Agerskow,24
Nial,Daughtry,83
Wendall,Queyos,42
Morgun,Faltin,92
Theo,Dannohl,71
Eolande,Springthorpe,30
Gothart,Landor,70
Evelin,Bisseker,6
Yankee,Whitney,42
Irena,Hain,47
Lemuel,Sherborn,38
Adolphe,Snedden,36
Emanuele,Adamski,78
Neile,Rowlings,12
Jodee,Bowerbank,11
Jinny,Shrimpton,14
Vannie,Aisman,1
Ashlan,Grimshaw,57
Blanca,Formoy,32
Yale,Kubas,80
Ravi,Sifleet,12
Candace,Marchment,72
Minna,Pays,90
Ursola,Smorthit,57
Bell,Bonass,97
Ferne,Harriagn,39
Isidoro,Donovin,81
Bobbie,Strangman,19
Pancho,Haslock(e),84
Brynne,Rehorek,78
Breanne,Baress,30
Jorie,Berrie,49
Dorothea,Fabry,67
Reggie,Darcy,32
Edmund,Tower,73
Terri,Kitchingman,31
Hillary,Cafferky,85
Lilia,Mateiko,67
Karel,Gillfillan,76
Adrianne,Youell,34
Tessie,Barnwell,20
Randall,Fliege,28
Rochell,Heaps,55
Hedda,Bonefant,40
Phillipe,Golden of Ireland,13
Urson,Mapson,10
Gareth,David,100
Brett,Crowson,50
Steven,Thundercliffe,25
Saba,Tayloe,70
Almire,Ride,42
Raffaello,Kinavan,60
Avis,Laybourn,76
Anabelle,Penas,53
Virginie,Wilflinger,56
Antoinette,Darycott,17
Gleda,Handrahan,92
Ceciley,Dregan,38
Egbert,Van Cassel,92
Vonnie,Petlyura,84
Gaven,Happert,94
Octavius,Ashenhurst,33
Keefer,Fazakerley,95
Caryn,Padgett,57
Damaris,Ben,73
Shawna,Doram,4
Sibley,Crowder,37
Donal,Sindall,63
Waylon,Cheevers,93
Monica,Hakonsson,55
Gelya,Wibrew,41
Parker,Aspinal,63
Libbi,Leggate,86
Aguie,Humbee,75
Tory,Jenkin,44
Claribel,Grigoryev,87
Edythe,Drillingcourt,71
Polly,Aleksahkin,13
Fletch,Grayley,96
Sheeree,Ayscough,93
Kort,Thurlow,74
Kinna,Pegler,56
Hasty,Egan,24
Morgun,Gutridge,2
Hadleigh,Muzzullo,8
Leah,Stanbra,98
Sergeant,Vyel,56
Stanton,Boagey,67
Leonardo,Bearman,71
Mamie,Steenson,85
Lynnett,Leteurtre,72
Cassandry,Iacomettii,10
Pris,Skeermer,50
Madel,Joye,82
Joni,Clabburn,53
Hedvige,Lumley,16
Sean,Tuppeny,12
Seymour,Bainbridge,11
Rozanna,Curling,40
Flss,Story,88
Lauralee,Rosenboim,68
Christy,Baseke,52
Yoko,Ceschini,96
Frederik,Povele,15
Kylen,Jagger,87
Cyrus,Halse,92
Yoko,Keilty,12
Mei,Longmate,7
Kliment,Meagher,6
Shelby,Blampey,77
Charlton,Claricoates,94
Shannon,Scalia,4
Jermaine,Skace,2
Janaya,Sineath,62
Sammie,Bulpitt,58
Catarina,Allaker,16
Billie,Rable,58
Reta,Studd,44
Karoline,Macconaghy,53
Flori,Drillingcourt,92
Jordanna,Pizzey,20
Susana,Dominetti,15
Bailey,Swadlen,36
Leeanne,Gerholz,32
Randy,Delong,17
Merrily,Royste,7
Caren,Daid,50
Quinton,Andriveau,55
Meryl,O'Nowlan,64
Rosemary,Bewshea,62
Tabbie,McNirlin,62
Eduard,Poure,34
Margarethe,Pideon,91
Culley,Vardy,34
Elberta,Cocher,6
Steve,Schimoni,80
Dodie,Kemmett,1
Ban,Ilyukhov,4
Karon,Leverich,69
Lynette,Mitrovic,75
Ronny,Snaden,44
Krispin,Witcher,6
Farrand,Olander,79
Thatcher,Turfin,18
Delinda,Maliffe,79
Mattheus,Kubas,37
Uriel,Lagde,11
Crawford,Bentz,3
Mario,Waiting,31
Austen,Shoulder,64
Celle,Walburn,80
Olwen,Huyge,23
Max,Meese,18
Deane,Semrad,64
Beau,Stouther,74
Dannie,Worsnap,30
Cassius,Wetherill,34
Cyndia,Featonby,5
Leontine,Abbott,22
Eve,Rosgen,13
Olivero,Pharoah,92
Lucio,Bevir,3
Marylynne,McLaren,42
Koralle,Yeliashev,34
Murray,Hamstead,67
Vlad,Girogetti,51
Sherrie,Carrol,34
Abby,Dhennin,52
Elaine,Klimschak,14
Kingsly,Sword,100
Winna,Couvet,67
Esra,Mattin,64
Sallyann,Ickowics,86
Perkin,Dunston,18
Drusi,Smallsman,9
Ulrick,Sagrott,66
Cally,Waye,66
Danella,Burwell,82
Molly,Kapiloff,81
Jodee,Mincini,27
Gustav,Howood,54
Hilary,Colthard,39
Woody,Dugan,5
Walton,Care,65
Valentino,Ingreda,55
Lorenza,Edmund,44
Lowe,Klishin,66
Clarance,Leeder,78
Rich,Blant,88
Town,Ellingford,69
Beverlee,Landall,30
Brynna,Upstone,77
Arty,Henker,19
Shanta,Shird,60
Ceciley,Quiddinton,63
Barty,Goggen,69
Ivory,McBrearty,90
Tish,Grealy,94
Roxane,Pahl,68
Zelma,Imlaw,96
Willem,Klaus,90
Goraud,Collicott,69
Lu,Haughian,5
Robbin,Dukelow,95
Tristam,Argont,65
Nonah,Mayo,26
Reggy,Cruden,24
Julian,Daveley,72
Larissa,Lawty,43
Nydia,Mellish,39
Delmor,Danilewicz,61
Marya,MacClure,38
Roldan,Bang,3
Alonso,Kyteley,24
Ariela,Janowski,98
Salaidh,Manjin,56
Niall,Matas,9
Felipa,Flaxon,27
Marlowe,Mullin,91
Grove,Dilks,29
Armin,Berkeley,65
Augustus,Wortley,90
Lou,Ludman,42
Cull,Sturt,86
Gae,Scroggie,21
Dorothy,Carruth,3
Conway,Daens,100
Costa,Castri,70
Son,Batrick,54
Morten,Muckersie,5
Clare,Gwyllt,100
Melinde,Brixey,21
Rosanne,Jachimczak,40
Hewitt,Stearndale,89
Yettie,Mottershead,40
Enrique,Moorrud,24
Roseanna,Judgkins,73
Duncan,Godart,60
Ilyssa,Arlet,49
Faythe,Timby,10
Venus,Mailes,57
Christiano,Spurling,34
Karena,Dreinan,24
Hermie,Churching,67
Jeane,McGoldrick,69
Evelin,Gelland,34
Brnaby,Glandfield,99
Francene,Halwill,98
Giselle,Cuseck,37
Gayleen,Relph,93
Enid,Grellis,55
Max,Jewiss,86
Dayle,Spinks,79
Rutledge,Silvers,46
Zelig,Van der Spohr,80
Currie,Brucker,6
Edin,Malarkey,32
Essie,Pountney,85
Lawton,Orrum,76
Meta,Tarquinio,70
Noble,Palfreman,89
Kienan,Spurrior,18
Amery,Pixton,36
Tamar,Carmichael,84
Vladamir,Vautin,14
Currie,Dupoy,34
Sauveur,Hearle,42
Dahlia,Brumhead,14
Danette,Worswick,55
Gabie,Woosnam,65
Joel,Quartermaine,7
Ariel,Penhalurick,20
Renate,Billam,66
Larina,Battye,87
Alicea,Absolem,73
Frederick,Danbi,67
Che,Adnett,49
Ximenez,Dunbleton,85
Marigold,Lauks,90
Oralle,Straine,44
Lizzy,Mix,54
Bethena,Tryhorn,34
Brett,Beazleigh,82
Clayborn,Medd,92
Aubrey,Bealing,51
Coletta,Brandrick,5
Aimee,Clunan,4
Flint,Hearn,80
Dacey,Jovasevic,66
Amble,Dugue,65
Karla,Jirzik,50
Iolanthe,Esby,23
Arlina,Arlow,29
Reyna,Rayworth,67
Gus,Toward,71
Kailey,Spaice,33
Farrand,Attard,90
Franz,Tramel,20
Trude,Canet,38
Kipp,Plank,90
Bryon,Wildman,43
Sallie,Maun,21
Orlando,Dymond,79
Micheil,Schinetti,20
Sherri,Shillitoe,56
Lucine,Praton,91
Thomasina,Parkman,11
Erie,Mattack,42
Rickard,De Ambrosi,61
Gusti,Bruford,16
Keen,Byrnes,6
Candis,Foxall,51
Alaine,Rojas,60
Deirdre,Provis,80
Cayla,Eagling,14
Sanders,Quodling,16
Sunny,Nuemann,70
Terencio,Carcass,36
Pierce,Hiskey,52
Rycca,Bowmen,78
Billie,Arnison,80
Cordell,Seage,41
Faythe,Rosenqvist,23
Jarrod,Rutherford,21
Cordie,Yoell,79
Drusi,Palin,88
Jacky,Radnedge,17
Mariya,Crofthwaite,11
Patsy,Nower,56
Lucy,Sex,24
Wilden,Takle,39
Sheena,McQuillan,52
Udell,MacIlwrick,14
Liesa,Sandyfirth,39
Lorelle,Rouge,46
Frederick,Van der Daal,52
Cecilla,Oats,1
Yolanthe,Cowern,30
Clayson,Flannery,33
Prudi,Thornham,41
Reinaldo,Klimes,92
Jamima,Chezelle,99
Yelena,Passby,67
Jaime,Burkert,46
Silvio,Hummerston,73
Rhodia,Boc,7
Dimitri,Beasant,55
Jasmina,Dantesia,17
Man,Cordero,73
Herbie,Gascard,76
Garold,Vannet,55
Ingunna,Hubbis,71
Quillan,Wyeth,78
Petra,Bowcock,63
Lorry,Berdale,7
Jeffry,Thornton-Dewhirst,68
Desi,Arnefield,79
Killian,Harhoff,64
Hanson,Helmke,22
Phyllida,Dyka,76
Gae,Keese,45
Udall,Muccino,15
Richart,Briat,91
Malchy,Daniels,62
Lowell,Southby,21
Constancia,Lewnden,95
Hillie,McPhail,93
Bibby,Isack,29
Rad,Capeloff,52
Nancey,Beavan,86
Jethro,Wozencroft,79
West,Flieg,17
Lindsy,Shacklady,89
Ailene,McKall,80
Eugene,Donlon,58
Janot,Seabright,79
Klemens,Billion,4
Lacy,Handy,53
Emilee,Downton,54
Alfons,Lewens,79
Amata,Luparti,54
Kial,Cauderlie,47
Ericha,Rosenbush,72
Constancy,Dopson,15
Florie,Crunkhorn,57
Joy,Blois,33
Nonie,Thowless,90
Rosana,Durtnall,100
Wylma,Clapston,25
Cammi,Redgewell,21
Leonidas,Cummine,72
Valentin,Zorener,84
Gradey,Studdeard,52
Clary,Quinet,69
Myrvyn,Clowsley,92
Ingamar,Richards,46
Tuck,Dreamer,68
Burlie,Ellerman,78
Spense,MacCleay,85
Kelbee,Willcox,94
Brennan,Dolan,100
Kelsey,Puzey,37
Sidney,Buckhurst,24
Chucho,Kippie,36
Marlo,Aldersey,54
Sibby,Fleetwood,11
Urban,Caress,7
Alberik,Derdes,55
Cecilio,Pulman,48
Kinsley,Darthe,29
Hedvig,Folshom,34
Alric,Donkersley,18
Peggy,Ingliby,66
Ernest,Armatage,78
Abby,Becket,45
Stephen,Harmson,89
Diandra,Franzotto,13
Mureil,Corn,48
Shirlene,Hamblington,38
Kym,Grayshan,53
Sheeree,Swiffen,77
Barri,Iglesias,85
Victoria,Reeders,92
Chrysa,Pohlke,25
Blair,Bangley,93
Ammamaria,Andrysek,76
Vivianna,Budgen,40
Miles,Treby,85
Yankee,Mendonca,87
Sharona,Westwell,79
Gustavo,Scolding,77
Dulciana,Dunnet,86
Johna,Wysome,35
Cristi,Aggio,29
Lana,Sayse,19
Siward,Aicheson,90
Neale,Cowgill,19
Kathleen,Van Bruggen,49
Marie,Baile,69
George,Ick,43
Hansiain,Bradneck,29
Hatty,Fendlen,35
Rozamond,Leys,68
Gabrielle,Hemeret,93
Hall,Caslake,18
Goran,Simkin,2
Sarene,Renfrew,19
Nicoline,Phethean,41
Pauli,Ivankin,89
Wally,Tefft,3
Darby,Minget,97
Peter,Grunson,16
Cissy,Popov,30
Melosa,Studdard,20
Val,Pickthorne,37
Woodman,Suscens,47
Guinna,Andrat,73
Christoforo,Bridgen,26
Humfried,Voff,71
Griswold,Janoschek,34
Nerissa,Carverhill,41
Mortimer,Eouzan,26
Dionysus,Sallis,24
Garold,Chansonne,57
Base,Gelland,43
Silvie,Chalice,35
Demeter,Fidoe,47
Avictor,Patters,78
Babs,Blood,36
Fons,Della,51
Ignazio,Denisyev,72
Reynolds,Sutor,35
Crissy,Peggrem,13
Cly,Boffin,48
Ardella,Rockwell,30
Stevie,Gomes,91
Jacquette,Ligoe,51
Chere,Cutchey,49
Billye,Ezele,66
Willey,Dewhirst,53
Lilla,Kew,28
Celestina,Sultan,62
Mariya,Bax,80
Kurtis,Peppett,53
Karel,Antonellini,13
Sarene,Rubenfeld,2
Bonnie,Oven,34
Bentlee,Halpeine,52
Kelci,Valerio,99
Phyllis,Connaughton,90
Franklyn,Dogg,79
Lorain,Greenham,39
Ingaborg,Brandassi,39
Etheline,Hallitt,45
Kayley,Burds,14
Jayme,Capehorn,99
